[
    {
        "buildTime": "2022-02-07 12:38:57.844092",
        "categoryInfo": {
            "adult": false,
            "anilist": false,
            "id": "1S4LyVBQ6BEqlgboDud2lo5UvcOy_iWi2",
            "language": "en",
            "name": "Movies",
            "type": "Movies"
        },
        "children": [
            {
                "adult": false,
                "api": "tmdb",
                "apiId": 516329,
                "backdropPath": "https://image.tmdb.org/t/p/original/9fzNf2QcsHVvdx5g5QUOgAWpADw.jpg",
                "genres": [
                    "Drama",
                    "Horror",
                    "Mystery"
                ],
                "id": "1T1IpVoA0OKmHtL0MusSY9r1YxYe-g3MU",
                "language": "en",
                "mimeType": "video/mp4",
                "name": "Antlers (2021).mp4",
                "overview": "A small-town Oregon teacher and her brother, the local sheriff, discover a young student is harbouring a dangerous secret that could have frightening consequences.",
                "parents": [
                    "1pE0AMN_hIL2hCWZsHJpE_wgQvyJ2ctzl"
                ],
                "popularity": 1103.751,
                "posterPath": "https://image.tmdb.org/t/p/w342/cMch3tiexw3FdOEeZxMWVel61Xg.jpg",
                "releaseDate": "2021-10-28",
                "title": "Antlers",
                "type": "file",
                "voteAverage": 6.4
            },
            {
                "adult": false,
                "api": "tmdb",
                "apiId": 585083,
                "backdropPath": "https://image.tmdb.org/t/p/original/qBLEWvJNVsehJkEJqIigPsWyBse.jpg",
                "genres": [
                    "Animation",
                    "Family",
                    "Fantasy",
                    "Comedy",
                    "Adventure"
                ],
                "id": "1jPdd3lggQSG9HG3gqgCR3d577ZFMpDfR",
                "language": "en",
                "mimeType": "video/mp4",
                "name": "Hotel Transylvania: Transformania (2022).mp4",
                "overview": "When Van Helsing's mysterious invention, the \"Monsterfication Ray,\" goes haywire, Drac and his monster pals are all transformed into humans, and Johnny becomes a monster. In their new mismatched bodies, Drac and Johnny must team up and race across the globe to find a cure before it's too late, and before they drive each other crazy.",
                "parents": [
                    "1mWWr5ndSYoVBO86ucCYO9xZaPgttBcdQ"
                ],
                "popularity": 4253.368,
                "posterPath": "https://image.tmdb.org/t/p/w342/teCy1egGQa0y8ULJvlrDHQKnxBL.jpg",
                "releaseDate": "2022-01-13",
                "title": "Hotel Transylvania: Transformania",
                "type": "file",
                "voteAverage": 7.6
            },
            {
                "adult": false,
                "api": "tmdb",
                "apiId": 10674,
                "backdropPath": "https://image.tmdb.org/t/p/original/rFxWhQB3JmmwCU5kcQQFrnpzGtF.jpg",
                "genres": [
                    "Animation",
                    "Family",
                    "Adventure"
                ],
                "id": "1uujAPfAx_6C6hwZRtQKpOFHaJGETLdXK",
                "language": "en",
                "mimeType": "video/mp4",
                "name": "Mulan (1998).mp4",
                "overview": "A tomboyish girl disguises herself as a young man so she can fight with the Imperial Chinese Army against the invading Huns. With help from wise-cracking dragon Mushu, Mulan just might save her country -- and win the heart of handsome Captain Li Shang.",
                "parents": [
                    "1PrWvS_vMAH7H7kLIyv0ZHG2fdSvIIKW_"
                ],
                "popularity": 155.601,
                "posterPath": "https://image.tmdb.org/t/p/w342/5TYgKxYhnhRNNwqnRAKHkgfqi2G.jpg",
                "releaseDate": "1998-06-18",
                "title": "Mulan",
                "type": "file",
                "voteAverage": 7.9
            },
            {
                "adult": false,
                "api": "tmdb",
                "apiId": 460458,
                "backdropPath": "https://image.tmdb.org/t/p/original/o76ZDm8PS9791XiuieNB93UZcRV.jpg",
                "genres": [
                    "Horror",
                    "Action",
                    "Science Fiction"
                ],
                "id": "17PgpsO7xaKUROCK_ZwJSa49lrevRUtfb",
                "language": "en",
                "mimeType": "video/mp4",
                "name": "Resident Evil: Welcome to Raccoon City (2021).mp4",
                "overview": "Once the booming home of pharmaceutical giant Umbrella Corporation, Raccoon City is now a dying Midwestern town. The company\u2019s exodus left the city a wasteland\u2026with great evil brewing below the surface. When that evil is unleashed, the townspeople are forever\u2026changed\u2026and a small group of survivors must work together to uncover the truth behind Umbrella and make it through the night.",
                "parents": [
                    "15n0Yj2eZbBT4qdZyqIfi-qWBeJ23PpAJ"
                ],
                "popularity": 2576.796,
                "posterPath": "https://image.tmdb.org/t/p/w342/7uRbWOXxpWDMtnsd2PF3clu65jc.jpg",
                "releaseDate": "2021-11-24",
                "title": "Resident Evil: Welcome to Raccoon City",
                "type": "file",
                "voteAverage": 6.1
            },
            {
                "adult": false,
                "api": "tmdb",
                "apiId": 438695,
                "backdropPath": "https://image.tmdb.org/t/p/original/tutaKitJJIaqZPyMz7rxrhb4Yxm.jpg",
                "genres": [
                    "Comedy",
                    "Animation",
                    "Family",
                    "Music"
                ],
                "id": "1QH5qcHyL42YyOEeCup04YOqmiB_GsPIu",
                "language": "en",
                "mimeType": "video/mp4",
                "name": "Sing 2 (2021).mp4",
                "overview": "Buster and his new cast now have their sights set on debuting a new show at the Crystal Tower Theater in glamorous Redshore City. But with no connections, he and his singers must sneak into the Crystal Entertainment offices, run by the ruthless wolf mogul Jimmy Crystal, where the gang pitches the ridiculous idea of casting the lion rock legend Clay Calloway in their show. Buster must embark on a quest to find the now-isolated Clay and persuade him to return to the stage.",
                "parents": [
                    "1wArlXGQrO0kGB56R-77tiB7lpLcnUH4m"
                ],
                "popularity": 2987.406,
                "posterPath": "https://image.tmdb.org/t/p/w342/aWeKITRFbbwY8txG5uCj4rMCfSP.jpg",
                "releaseDate": "2021-12-01",
                "title": "Sing 2",
                "type": "file",
                "voteAverage": 8.2
            },
            {
                "adult": false,
                "api": "tmdb",
                "apiId": 634649,
                "backdropPath": "https://image.tmdb.org/t/p/original/iQFcwSGbZXMkeyKrxbPnwnRo5fl.jpg",
                "genres": [
                    "Action",
                    "Adventure",
                    "Science Fiction"
                ],
                "id": "1cNqCazCaV50EFRPGBlbLGsBXdcZKI1aK",
                "language": "en",
                "mimeType": "video/mp4",
                "name": "Spider-Man: No Way Home (2021).mp4",
                "overview": "Peter Parker is unmasked and no longer able to separate his normal life from the high-stakes of being a super-hero. When he asks for help from Doctor Strange the stakes become even more dangerous, forcing him to discover what it truly means to be Spider-Man.",
                "parents": [
                    "1IV07zTkwtmN6ypH1AjsfB0cNTyTxYE4e"
                ],
                "popularity": 16564.335,
                "posterPath": "https://image.tmdb.org/t/p/w342/1g0dhYtq4irTY1GPXvft6k4YLjm.jpg",
                "releaseDate": "2021-12-15",
                "title": "Spider-Man: No Way Home",
                "type": "file",
                "voteAverage": 8.4
            },
            {
                "adult": false,
                "api": "tmdb",
                "apiId": 396535,
                "backdropPath": "https://image.tmdb.org/t/p/original/fVpFOcQyHJM2di9upgSIwWD5wac.jpg",
                "genres": [
                    "Action",
                    "Horror",
                    "Thriller"
                ],
                "id": "1xSlGkE6z9cn36uuic6pJPHOWm5HRUZ0E",
                "language": "ko",
                "mimeType": "video/mp4",
                "name": "Train to Busan (2016).mp4",
                "overview": "Martial law is declared when a mysterious viral outbreak pushes Korea into a state of emergency. Those on an express train to Busan, a city that has successfully fended off the viral outbreak, must fight for their own survival\u2026",
                "parents": [
                    "1FVFaxziar7SSlh9rHqHbxQp-42hLJOBo"
                ],
                "popularity": 231.141,
                "posterPath": "https://image.tmdb.org/t/p/w342/3H1WFCuxyNRP35oiL2qqwhAXxc0.jpg",
                "releaseDate": "2016-07-20",
                "title": "Train to Busan",
                "type": "file",
                "voteAverage": 7.8
            },
            {
                "adult": false,
                "api": "tmdb",
                "apiId": 580489,
                "backdropPath": "https://image.tmdb.org/t/p/original/vIgyYkXkg6NC2whRbYjBD7eb3Er.jpg",
                "genres": [
                    "Science Fiction",
                    "Action",
                    "Adventure"
                ],
                "id": "1GwoeAOpM6AVcA94X2775Ih19mP5XgJws",
                "language": "en",
                "mimeType": "video/mp4",
                "name": "Venom: Let There Be Carnage (2021).mp4",
                "overview": "After finding a host body in investigative reporter Eddie Brock, the alien symbiote must face a new enemy, Carnage, the alter ego of serial killer Cletus Kasady.",
                "parents": [
                    "1QH9DfXMP4vv33onfBe26fQ8PyBVXp-nG"
                ],
                "popularity": 2366.428,
                "posterPath": "https://image.tmdb.org/t/p/w342/rjkmN1dniUHVYAtwuV3Tji7FsDO.jpg",
                "releaseDate": "2021-09-30",
                "title": "Venom: Let There Be Carnage",
                "type": "file",
                "voteAverage": 7.1
            }
        ],
        "id": "1S4LyVBQ6BEqlgboDud2lo5UvcOy_iWi2",
        "kind": "drive#file",
        "length": 8,
        "mimeType": "application/vnd.google-apps.folder",
        "name": "movies",
        "type": "directory"
    },
    {
        "buildTime": "2022-02-07 12:39:02.331842",
        "categoryInfo": {
            "adult": false,
            "anilist": false,
            "id": "1TlXevCdWUNrJNgQP2Hq9-8cfmz5tBoFY",
            "language": "en",
            "name": "Hindi Movies",
            "type": "Movies"
        },
        "children": [
            {
                "adult": false,
                "api": "tmdb",
                "apiId": 814836,
                "backdropPath": "https://image.tmdb.org/t/p/original/zNC7ga31ttLD5AEcHDw9DO44I4N.jpg",
                "genres": [
                    "Fantasy"
                ],
                "id": "1uJVQqVcxeD_JVk6tW09mS76v2PZCIeaS",
                "language": "zh",
                "mimeType": "video/x-matroska",
                "name": "master (2021).mkv",
                "overview": "The story of Yun Ling, a Maoshan disciple who grows from a nobody to a Maoshan master, is a fascinating tale of self-salvation.  A \"zombie virus\" has appeared in the city, and people are in a state of panic. Yun Ling, a disciple of Maoshan, and his three brothers are ordered to go down to the mountain to investigate and save the people, but unexpectedly the four of them fall into the trap of the black hand behind the scenes.",
                "parents": [
                    "1TlXevCdWUNrJNgQP2Hq9-8cfmz5tBoFY"
                ],
                "popularity": 2.852,
                "posterPath": "https://image.tmdb.org/t/p/w342/fc3AYj4p1xoIF5uKj5CqPE2l9u3.jpg",
                "releaseDate": "2021-04-08",
                "title": "Master of Maoshan",
                "type": "file",
                "voteAverage": 7
            },
            {
                "adult": false,
                "api": "tmdb",
                "apiId": 679844,
                "backdropPath": "https://image.tmdb.org/t/p/original/kv16GWa7ECmrhwJVg4xRVMM5YGM.jpg",
                "genres": [
                    "Action",
                    "Crime",
                    "Drama",
                    "Thriller"
                ],
                "id": "19JYKKgbzNAaz7IEbN05qFXh1822YA88i",
                "language": "hi",
                "mimeType": "video/x-matroska",
                "name": "radhe (2021).mkv",
                "overview": "As Mumbai\u2019s youth are falling prey to rampant drug abuse, suspended cop Radhe is recalled for a clean-up mission. But Radhe is up against a dangerous new outlaw Rana, who will stop at nothing to rule the city.",
                "parents": [
                    "1TlXevCdWUNrJNgQP2Hq9-8cfmz5tBoFY"
                ],
                "popularity": 10.507,
                "posterPath": "https://image.tmdb.org/t/p/w342/3l7FGKHDanLhEI1ECdmzK9LnJrj.jpg",
                "releaseDate": "2021-05-12",
                "title": "Radhe",
                "type": "file",
                "voteAverage": 4.4
            },
            {
                "adult": false,
                "api": "tmdb",
                "apiId": 694103,
                "backdropPath": "https://image.tmdb.org/t/p/original/rqEi4HHjAiaIcxZRW4QSBCzf8kY.jpg",
                "genres": [
                    "Horror",
                    "Comedy"
                ],
                "id": "1w93tC15kJ5fLgTFG_sBdAWjjBWkJa2rC",
                "language": "hi",
                "mimeType": "video/x-matroska",
                "name": "roohi (2021).mkv",
                "overview": "Roohi is set in a fictional town of North India. The film revolves around two small-town boys Bhaura and Kattanni who are stuck in a forest with Roohi. But there\u2019s an insidious spirit following them with feet turned backwards.",
                "parents": [
                    "1TlXevCdWUNrJNgQP2Hq9-8cfmz5tBoFY"
                ],
                "popularity": 3.919,
                "posterPath": "https://image.tmdb.org/t/p/w342/qHpEGFx13ntiAVl94e08EJ5ss4U.jpg",
                "releaseDate": "2021-03-11",
                "title": "Roohi",
                "type": "file",
                "voteAverage": 4.8
            },
            {
                "adult": false,
                "api": "tmdb",
                "apiId": 660042,
                "backdropPath": "https://image.tmdb.org/t/p/original/wfIZaLEC1scbb9VD10GotLRFKW4.jpg",
                "genres": [
                    "Crime",
                    "Drama"
                ],
                "id": "1VPZg26vGd0nYJNB0m_xg2g2fjlKlVCxa",
                "language": "hi",
                "mimeType": "video/x-matroska",
                "name": "the big bull (2021).mkv",
                "overview": "Inspired by events from the late '80s and the early '90s that shook the country's financial fabric, The Big Bull tells the story of the biggest hustle in the stock market.",
                "parents": [
                    "1TlXevCdWUNrJNgQP2Hq9-8cfmz5tBoFY"
                ],
                "popularity": 4.229,
                "posterPath": "https://image.tmdb.org/t/p/w342/j0R4hvkS5KNkChVz0UZTDkrdKzo.jpg",
                "releaseDate": "2021-04-08",
                "title": "The Big Bull",
                "type": "file",
                "voteAverage": 5.7
            },
            {
                "adult": false,
                "api": "tmdb",
                "apiId": 345940,
                "backdropPath": "https://image.tmdb.org/t/p/original/rH79sB6Nkx4cMW3JzsUy7wK0rhX.jpg",
                "genres": [
                    "Action",
                    "Science Fiction",
                    "Horror"
                ],
                "id": "1M8861FfBh0S1Ac1Q2kkswenEcg18nTIN",
                "language": "en",
                "mimeType": "video/x-matroska",
                "name": "the meg (2018).mkv",
                "overview": "A deep sea submersible pilot revisits his past fears in the Mariana Trench, and accidentally unleashes the seventy foot ancestor of the Great White Shark believed to be extinct.",
                "parents": [
                    "1TlXevCdWUNrJNgQP2Hq9-8cfmz5tBoFY"
                ],
                "popularity": 141.729,
                "posterPath": "https://image.tmdb.org/t/p/w342/xqECHNvzbDL5I3iiOVUkVPJMSbc.jpg",
                "releaseDate": "2018-08-09",
                "title": "The Meg",
                "type": "file",
                "voteAverage": 6.2
            },
            {
                "adult": false,
                "api": "tmdb",
                "apiId": 585268,
                "backdropPath": "https://image.tmdb.org/t/p/original/5Tw0isY4Fs08burneYsa6JvHbER.jpg",
                "genres": [
                    "Action",
                    "Thriller"
                ],
                "id": "1-1jK23rhXq2lmewujdoRZRl2MBqupPSv",
                "language": "hi",
                "mimeType": "video/x-matroska",
                "name": "war (2019).mkv",
                "overview": "Khalid, is entrusted with the task of eliminating Kabir, a former soldier turned rogue, as he engages in an epic battle with his mentor who had taught him everything.",
                "parents": [
                    "1TlXevCdWUNrJNgQP2Hq9-8cfmz5tBoFY"
                ],
                "popularity": 8.305,
                "posterPath": "https://image.tmdb.org/t/p/w342/7JeHrXR1FU57Y6b90YDpFJMhmVO.jpg",
                "releaseDate": "2019-10-02",
                "title": "War",
                "type": "file",
                "voteAverage": 6.8
            },
            {
                "adult": false,
                "api": "tmdb",
                "apiId": 550205,
                "backdropPath": "https://image.tmdb.org/t/p/original/4kIRrW1AlHP5Idne8CPHeQt8nR5.jpg",
                "genres": [
                    "Animation",
                    "Family",
                    "Comedy",
                    "Fantasy"
                ],
                "id": "1cyK9-sg2kU6RsUvCsv3NaddzTfw_UZfw",
                "language": "en",
                "mimeType": "video/x-matroska",
                "name": "wish dragon (2021).mkv",
                "overview": "Determined teen Din is longing to reconnect with his childhood best friend when he meets a wish-granting dragon who shows him the magic of possibilities.",
                "parents": [
                    "1TlXevCdWUNrJNgQP2Hq9-8cfmz5tBoFY"
                ],
                "popularity": 204.127,
                "posterPath": "https://image.tmdb.org/t/p/w342/lnPf6hzANL6pVQTxUlsNYSuhT5l.jpg",
                "releaseDate": "2021-01-15",
                "title": "Wish Dragon",
                "type": "file",
                "voteAverage": 8.2
            },
            {
                "adult": false,
                "api": "tmdb",
                "apiId": 653457,
                "backdropPath": "https://image.tmdb.org/t/p/original/nkpcnsPoYQ4XkhB0qqdzog6LWmt.jpg",
                "genres": [
                    "Comedy",
                    "Drama"
                ],
                "id": "1GBZLEe5rhTAg-PcjG9aGYkyJGOwvLYqK",
                "language": "hi",
                "mimeType": "video/x-matroska",
                "name": "\u092e\u093f\u092e\u0940.mkv",
                "overview": "An aspiring actress in a small town in Rajasthan agrees to bear a child for a visiting couple seeking a surrogate mother, but her experience takes an unexpected turn when they refuse to have the child anymore.",
                "parents": [
                    "1TlXevCdWUNrJNgQP2Hq9-8cfmz5tBoFY"
                ],
                "popularity": 10.261,
                "posterPath": "https://image.tmdb.org/t/p/w342/zz6ScNmHqYbYv6OPFQkBI01SnCy.jpg",
                "releaseDate": "2021-07-26",
                "title": "Mimi",
                "type": "file",
                "voteAverage": 7
            }
        ],
        "driveId": "0ALqSOECPDe99Uk9PVA",
        "id": "1TlXevCdWUNrJNgQP2Hq9-8cfmz5tBoFY",
        "kind": "drive#file",
        "length": 8,
        "mimeType": "application/vnd.google-apps.folder",
        "name": "movies hindi",
        "teamDriveId": "0ALqSOECPDe99Uk9PVA",
        "type": "directory"
    },
    {
        "buildTime": "2022-02-07 12:39:06.652828",
        "categoryInfo": {
            "adult": false,
            "anilist": false,
            "id": "1SHJcFLExLH8PxWwxPU0Jccpji_Dwq6Sc",
            "language": "en",
            "name": "Series",
            "type": "TV Shows"
        },
        "children": [
            {
                "api": "tmdb",
                "apiId": 63174,
                "backdropPath": "https://image.tmdb.org/t/p/original/ktDJ21QQscbMNQfPpZBsNORxdDx.jpg",
                "genres": [
                    "Crime",
                    "Sci-Fi & Fantasy"
                ],
                "id": "1WX8FQblfmXJ-oPrz31Wpvxe_5KQz0blM",
                "language": "en",
                "mimeType": "application/vnd.google-apps.folder",
                "name": "Lucifer (2016)",
                "overview": "Bored and unhappy as the Lord of Hell, Lucifer Morningstar abandoned his throne and retired to Los Angeles, where he has teamed up with LAPD detective Chloe Decker to take down criminals.\u00a0But the longer he's away from the underworld, the greater the threat that the worst of humanity could escape.",
                "parents": [
                    "1SHJcFLExLH8PxWwxPU0Jccpji_Dwq6Sc"
                ],
                "popularity": 1065.806,
                "posterPath": "https://image.tmdb.org/t/p/w342/ekZobS8isE6mA53RAiGDG93hBxL.jpg",
                "releaseDate": "2016-01-25",
                "title": "Lucifer",
                "type": "directory",
                "voteAverage": 8.5
            },
            {
                "api": "tmdb",
                "apiId": 71914,
                "backdropPath": "https://image.tmdb.org/t/p/original/1P3QtW1IkivqDrKbbwuR0zCYIf8.jpg",
                "genres": [
                    "Sci-Fi & Fantasy",
                    "Drama"
                ],
                "id": "18K84h12y3x1pckoNI_K6Kw456Bj9wKjA",
                "language": "en",
                "mimeType": "application/vnd.google-apps.folder",
                "name": "The Wheel of Time (2021)",
                "overview": "Follow Moiraine, a member of the shadowy and influential all-female organization called the \u201cAes Sedai\u201d as she embarks on a dangerous, world-spanning journey with five young men and women. Moiraine believes one of them might be the reincarnation of an incredibly powerful individual, whom prophecies say will either save humanity or destroy it.",
                "parents": [
                    "1SHJcFLExLH8PxWwxPU0Jccpji_Dwq6Sc"
                ],
                "popularity": 760.087,
                "posterPath": "https://image.tmdb.org/t/p/w342/mpgDeLhl8HbhI03XLB7iKO6M6JE.jpg",
                "releaseDate": "2021-11-18",
                "title": "The Wheel of Time",
                "type": "directory",
                "voteAverage": 7.9
            }
        ],
        "id": "1SHJcFLExLH8PxWwxPU0Jccpji_Dwq6Sc",
        "kind": "drive#file",
        "length": 2,
        "mimeType": "application/vnd.google-apps.folder",
        "name": "series",
        "type": "directory"
    },
    {
        "buildTime": "2022-02-07 12:39:09.702699",
        "categoryInfo": {
            "adult": false,
            "anilist": true,
            "id": "1LYn-5HNjvwSo93WXNatbrCgLBEaYY5Jh",
            "language": "en",
            "name": "Anime",
            "type": "TV Shows"
        },
        "children": [
            {
                "adult": false,
                "api": "anilist",
                "apiId": 16498,
                "backdropPath": "https://s4.anilist.co/file/anilistcdn/media/anime/banner/16498-8jpFCOcDmneX.jpg",
                "genres": [
                    "Action",
                    "Drama",
                    "Fantasy",
                    "Mystery"
                ],
                "id": "1janW5C_Twu8F2CWGZl2LqE0yV4y9APG6",
                "language": null,
                "mimeType": "application/vnd.google-apps.folder",
                "name": "Attack on Titan",
                "overview": "Several hundred years ago, humans were nearly exterminated by titans. Titans are typically several stories tall, seem to have no intelligence, devour human beings and, worst of all, seem to do it for the pleasure rather than as a food source. A small percentage of humanity survived by walling themselves in a city protected by extremely high walls, even taller than the biggest of titans.\r\nFlash forward to the present and the city has not seen a titan in over 100 years. Teenage boy Eren and his foster sister Mikasa witness something horrific as the city walls are destroyed by a colossal titan that appears out of thin air. As the smaller titans flood the city, the two kids watch in horror as their mother is eaten alive. Eren vows that he will murder every single titan and take revenge for all of mankind.\r\n(Source: MangaHelpers) ",
                "parents": [
                    "1LYn-5HNjvwSo93WXNatbrCgLBEaYY5Jh"
                ],
                "popularity": 537344,
                "posterPath": "https://s4.anilist.co/file/anilistcdn/media/anime/cover/medium/bx16498-m5ZMNtFioc7j.png",
                "releaseDate": "2013-4-7",
                "title": "Attack on Titan",
                "type": "directory",
                "voteAverage": 85
            },
            {
                "adult": false,
                "api": "anilist",
                "apiId": 101922,
                "backdropPath": "https://s4.anilist.co/file/anilistcdn/media/anime/banner/101922-YfZhKBUDDS6L.jpg",
                "genres": [
                    "Action",
                    "Adventure",
                    "Drama",
                    "Fantasy",
                    "Supernatural"
                ],
                "id": "1NsqbuytBec3cw3x4Xq2eCnmvuFSpqBbp",
                "language": null,
                "mimeType": "application/vnd.google-apps.folder",
                "name": "Demon Slayer: Kimetsu no Yaiba",
                "overview": "It is the Taisho Period in Japan. Tanjiro, a kindhearted boy who sells charcoal for a living, finds his family slaughtered by a demon. To make matters worse, his younger sister Nezuko, the sole survivor, has been transformed into a demon herself. Though devastated by this grim reality, Tanjiro resolves to become a \u201cdemon slayer\u201d so that he can turn his sister back into a human, and kill the demon that massacred his family.\n\n(Source: Crunchyroll)",
                "parents": [
                    "1LYn-5HNjvwSo93WXNatbrCgLBEaYY5Jh"
                ],
                "popularity": 484394,
                "posterPath": "https://s4.anilist.co/file/anilistcdn/media/anime/cover/medium/bx101922-PEn1CTc93blC.jpg",
                "releaseDate": "2019-4-6",
                "title": "Demon Slayer: Kimetsu no Yaiba",
                "type": "directory",
                "voteAverage": 85
            },
            {
                "adult": false,
                "api": "anilist",
                "apiId": 113415,
                "backdropPath": "https://s4.anilist.co/file/anilistcdn/media/anime/banner/113415-jQBSkxWAAk83.jpg",
                "genres": [
                    "Action",
                    "Drama",
                    "Supernatural"
                ],
                "id": "1LDJSAeUz1-e7T1xj7dDkD8E16lK5KmY1",
                "language": null,
                "mimeType": "application/vnd.google-apps.folder",
                "name": "Jujutsu Kaisen",
                "overview": "A boy fights... for \"the right death.\"\n\nHardship, regret, shame: the negative feelings that humans feel become Curses that lurk in our everyday lives. The Curses run rampant throughout the world, capable of leading people to terrible misfortune and even death. What's more, the Curses can only be exorcised by another Curse.\n\nItadori Yuji is a boy with tremendous physical strength, though he lives a completely ordinary high school life. One day, to save a friend who has been attacked by Curses, he eats the finger of the Double-Faced Specter, taking the Curse into his own soul. From then on, he shares one body with the Double-Faced Specter. Guided by the most powerful of sorcerers, Gojou Satoru, Itadori is admitted to the Tokyo Metropolitan Technical High School of Sorcery, an organization that fights the Curses... and thus begins the heroic tale of a boy who became a Curse to exorcise a Curse, a life from which he could never turn back.\n\n(Source: Crunchyroll)\n\nNote: The first episode received an early web premiere on September 19th, 2020. The regular TV broadcast started on October 3rd, 2020.",
                "parents": [
                    "1LYn-5HNjvwSo93WXNatbrCgLBEaYY5Jh"
                ],
                "popularity": 403597,
                "posterPath": "https://s4.anilist.co/file/anilistcdn/media/anime/cover/medium/bx113415-979nF8TZP2xC.jpg",
                "releaseDate": "2020-10-3",
                "title": "JUJUTSU KAISEN",
                "type": "directory",
                "voteAverage": 87
            },
            {
                "adult": false,
                "api": "anilist",
                "apiId": 100010,
                "backdropPath": "https://s4.anilist.co/file/anilistcdn/media/anime/banner/100010-WZMK7JXMAi2i.jpg",
                "genres": [
                    "Drama",
                    "Horror",
                    "Mahou Shoujo",
                    "Psychological",
                    "Supernatural"
                ],
                "id": "1qCh6A5gnFBKR3CVcp-vyRZhXsIuac4WX",
                "language": null,
                "mimeType": "application/vnd.google-apps.folder",
                "name": "Magical Girl Site",
                "overview": "Asagiri Aya is a young girl who has fallen victim to bullies at her school. Looking for a way to escape her troubles, she looks to the internet for distraction, when a mysterious website called \"Magical Girl Site\" appears. Simply viewing the page is all it takes to hurtle Aya headlong into the deadly world of the Magical Girl Apocalypse. There, it\u2019s fight or die, against a seemingly endless array of savagely adorable, frilly-skirted killing machines, each armed with magical powers and an unquenchable thirst for blood and chaos. \n\n(Source: Seven Seas Entertainment)",
                "parents": [
                    "1LYn-5HNjvwSo93WXNatbrCgLBEaYY5Jh"
                ],
                "popularity": 43901,
                "posterPath": "https://s4.anilist.co/file/anilistcdn/media/anime/cover/medium/bx100010-FCSVBvRZ6Ifl.png",
                "releaseDate": "2018-4-7",
                "title": "MAGICAL GIRL SITE",
                "type": "directory",
                "voteAverage": 61
            },
            {
                "adult": false,
                "api": "anilist",
                "apiId": 21,
                "backdropPath": "https://s4.anilist.co/file/anilistcdn/media/anime/banner/21-wf37VakJmZqs.jpg",
                "genres": [
                    "Action",
                    "Adventure",
                    "Comedy",
                    "Drama",
                    "Fantasy"
                ],
                "id": "1ocrg51kD0ozcXr_kmwaNRb3O1e_rTw5h",
                "language": null,
                "mimeType": "application/vnd.google-apps.folder",
                "name": "One Piece",
                "overview": "Gold Roger was known as the Pirate King, the strongest and most infamous being to have sailed the Grand Line. The capture and death of Roger by the World Government brought a change throughout the world. His last words before his death revealed the location of the greatest treasure in the world, One Piece. It was this revelation that brought about the Grand Age of Pirates, men who dreamed of finding One Piece (which promises an unlimited amount of riches and fame), and quite possibly the most coveted of titles for the person who found it, the title of the Pirate King.\nEnter Monkey D. Luffy, a 17-year-old boy that defies your standard definition of a pirate. Rather than the popular persona of a wicked, hardened, toothless pirate who ransacks villages for fun, Luffy\u2019s reason for being a pirate is one of pure wonder; the thought of an exciting adventure and meeting new and intriguing people, along with finding One Piece, are his reasons of becoming a pirate. Following in the footsteps of his childhood hero, Luffy and his crew travel across the Grand Line, experiencing crazy adventures, unveiling dark mysteries and battling strong enemies, all in order to reach One Piece.\n*This includes following special episodes:\n- Chopperman to the Rescue! Protect the TV Station by the Shore! (Episode 336)\n- The Strongest Tag-Team! Luffy and Toriko's Hard Struggle! (Episode 492)\n- Team Formation! Save Chopper (Episode 542)\n- History's Strongest Collaboration vs. Glutton of the Sea (Episode 590)\n- 20th Anniversary! Special Romance Dawn (Episode 907)",
                "parents": [
                    "1LYn-5HNjvwSo93WXNatbrCgLBEaYY5Jh"
                ],
                "popularity": 310213,
                "posterPath": "https://s4.anilist.co/file/anilistcdn/media/anime/cover/medium/nx21-tXMN3Y20PIL9.jpg",
                "releaseDate": "1999-10-20",
                "title": "ONE PIECE",
                "type": "directory",
                "voteAverage": 86
            },
            {
                "adult": false,
                "api": "anilist",
                "apiId": 99263,
                "backdropPath": "https://s4.anilist.co/file/anilistcdn/media/anime/banner/99263-IwkmdCTsDY1t.jpg",
                "genres": [
                    "Action",
                    "Adventure",
                    "Fantasy"
                ],
                "id": "18TNhAAXZB8nPk5TKMKh98PzEb3fBE7Vv",
                "language": null,
                "mimeType": "application/vnd.google-apps.folder",
                "name": "The Rising of the Shield Hero",
                "overview": "Naofumi Iwatani, an uncharismatic Otaku who spends his days on games and manga, suddenly finds himself summoned to a parallel universe! He discovers he is one of four heroes equipped with legendary weapons and tasked with saving the world from its prophesied destruction. As the Shield Hero, the weakest of the heroes, all is not as it seems. Naofumi is soon alone, penniless, and betrayed. With no one to turn to, and nowhere to run, he is left with only his shield. Now, Naofumi must rise to become the legendary Shield Hero and save the world!\n\n\nThe first episode was pre-aired on December 27th, 2018. Regular broadcast began on January 9th, 2019.\n\nNote: The first episode aired with a runtime of ~47 minutes as opposed to the standard 24 minute long episode.",
                "parents": [
                    "1LYn-5HNjvwSo93WXNatbrCgLBEaYY5Jh"
                ],
                "popularity": 219602,
                "posterPath": "https://s4.anilist.co/file/anilistcdn/media/anime/cover/medium/nx99263-SJSk5d6mhQZO.jpg",
                "releaseDate": "2019-1-9",
                "title": "The Rising of the Shield Hero",
                "type": "directory",
                "voteAverage": 78
            }
        ],
        "id": "1LYn-5HNjvwSo93WXNatbrCgLBEaYY5Jh",
        "kind": "drive#file",
        "length": 6,
        "mimeType": "application/vnd.google-apps.folder",
        "name": "anime",
        "type": "directory"
    }
]